{"dq_O": 2.9781240360185404, "q_scaling": 0.5778986679439677, "O-O spring": 11.151177260844904, "Li_O_a": 7293.114903975282, "Li_O_rho": 0.1821652527906491, "Ni_O_a": 13887.252479966482, "Ni_O_rho": 0.1815510611680174, "O_O_a": 46776.99756639241, "O_O_rho": 0.18623566832749644}