{"dq_O": 3.1302846494076393, "q_scaling": 0.5546086442343326, "O-O spring": 11.575088657404464, "Li_O_a": 37065.88127490942, "Li_O_rho": 0.15500027630996444, "Ni_O_a": 23270.047142866086, "Ni_O_rho": 0.17004720984314525, "O_O_a": 28311.501151301185, "O_O_rho": 0.1933144270194051}