{"dq_O": 3.21761458526589, "q_scaling": 0.5391613154230906, "O-O spring": 10.959653142914377, "Li_O_a": 38505.03010315735, "Li_O_rho": 0.15390110901840326, "Ni_O_a": 38513.88553083564, "Ni_O_rho": 0.16058671654188617, "O_O_a": 31269.30362993831, "O_O_rho": 0.19133983697432422}