{"dq_O": 3.067253711784918, "q_scaling": 0.5843850158712447, "O-O spring": 11.876896869320035, "Li_O_a": 30926.549668779902, "Li_O_rho": 0.15908736421997893, "Ni_O_a": 14018.346772156425, "Ni_O_rho": 0.18212124384639727, "O_O_a": 45570.54630137567, "O_O_rho": 0.18381459089432745}