{"dq_O": 2.986920495740335, "q_scaling": 0.5411045367511716, "O-O spring": 10.817073283427078, "Li_O_a": 33844.08542534688, "Li_O_rho": 0.1564952556657288, "Ni_O_a": 44694.89700791756, "Ni_O_rho": 0.15949518713536748, "O_O_a": 36673.918102684795, "O_O_rho": 0.19194299721527525}