{"dq_O": 1.0306132418628549, "q_scaling": 0.41055054088579745, "O-O spring": 27.805947499083253, "Li_O_a": 100.0, "Li_O_rho": 0.01, "Ni_O_a": 46172.28499070516, "Ni_O_rho": 0.10867785159450744, "O_O_a": 150.0, "O_O_rho": 0.4414787989533399}