{"dq_O": 3.090615563042215, "q_scaling": 0.4770021672314232, "O-O spring": 15.443038619285616, "Li_O_a": 48732.59242714481, "Li_O_rho": 0.14697236256700108, "Ni_O_a": 12946.645604940768, "Ni_O_rho": 0.17420485049619072, "O_O_a": 5848.128198322462, "O_O_rho": 0.240374607674805}