{"dq_O": 3.074713071378006, "q_scaling": 0.5502431154284103, "O-O spring": 11.66907444798484, "Li_O_a": 26121.641771267467, "Li_O_rho": 0.1599685864924577, "Ni_O_a": 22961.389851075666, "Ni_O_rho": 0.17100593427249355, "O_O_a": 20154.805297358544, "O_O_rho": 0.1998313707046292}