{"dq_O": 0.6871369203746062, "q_scaling": 1.0, "O-O spring": 94.48512698145909, "Li_O_a": 100.0, "Li_O_rho": 0.5818255986859086, "Ni_O_a": 21888.895389068344, "Ni_O_rho": 0.07757614891079921, "O_O_a": 18646.35907971644, "O_O_rho": 0.026605978923475028}