{"dq_O": 3.046224739337913, "q_scaling": 0.5565468940628487, "O-O spring": 10.39029247462068, "Li_O_a": 35561.434298144995, "Li_O_rho": 0.1566364880006439, "Ni_O_a": 48412.67266444665, "Ni_O_rho": 0.15803606100426199, "O_O_a": 21252.13932778858, "O_O_rho": 0.1991526854718348}