{"q_scaling": 0.6705956130873731, "dq_Cl": 1.9178193996256527, "dq_O": 2.7296798050893627, "Cl-Cl spring": 28.249946862134337, "O-O spring": 34.448914950019415, "Na_Na_a": 996.2821432358651, "Na_Na_rho": 0.28832529671697127, "Na_Cl_a": 20907.73825904357, "Na_Cl_rho": 0.21656950154603954, "Na_O_a": 12439.222297002976, "Na_O_rho": 0.20149355074480169, "Cl_Cl_a": 35155.254004291586, "Cl_Cl_rho": 0.21363185034524113, "Cl_O_a": 47777.07064147896, "Cl_O_rho": 0.24374005101291368, "O_O_a": 35546.853100084045, "O_O_rho": 0.1205561981049279}