{"dq_O": 3.1558023611242567, "q_scaling": 0.578261669022157, "O-O spring": 13.67021205189215, "Li_O_a": 42025.620911526945, "Li_O_rho": 0.15374533594433965, "Ni_O_a": 22332.121283654393, "Ni_O_rho": 0.17148183718229743, "O_O_a": 22285.90277546801, "O_O_rho": 0.20106987987520925}