{"dq_O": 3.067674736823517, "q_scaling": 0.57500323424406, "O-O spring": 11.6932758379225, "Li_O_a": 45814.38708813391, "Li_O_rho": 0.15307112307563198, "Ni_O_a": 9349.48835293555, "Ni_O_rho": 0.19044921103951462, "O_O_a": 26415.147055757814, "O_O_rho": 0.1893983921736957}