{"dq_O": 3.2835458385032363, "q_scaling": 0.5538436701107892, "O-O spring": 11.490324105877008, "Li_O_a": 47617.33388603089, "Li_O_rho": 0.15240662442029196, "Ni_O_a": 18726.325463981608, "Ni_O_rho": 0.1743960145929057, "O_O_a": 30025.288614234625, "O_O_rho": 0.18440016052267938}