{"dq_O": 3.1894394832950077, "q_scaling": 0.5777372323068091, "O-O spring": 10.54980162308459, "Li_O_a": 44791.88479847435, "Li_O_rho": 0.15436022225237372, "Ni_O_a": 12228.033218525463, "Ni_O_rho": 0.1834690784712889, "O_O_a": 32030.62015119222, "O_O_rho": 0.1823590567048916}