{"dq_O": 3.9311906487136072, "q_scaling": 0.5561097416472526, "O-O spring": 143.71945091304283, "Li_O_a": 13575.195334871252, "Li_O_rho": 0.17568483562776388, "Ni_O_a": 9043.75729420624, "Ni_O_rho": 0.13266645045331749, "O_O_a": 199.88928845880582, "O_O_rho": 0.4256705866697951}