{"dq_O": 3.0747740259383844, "q_scaling": 0.5639658599256563, "O-O spring": 10.27294715708392, "Li_O_a": 33372.09012750717, "Li_O_rho": 0.15788754782864473, "Ni_O_a": 24953.584465685726, "Ni_O_rho": 0.16955850848064052, "O_O_a": 44879.21070905761, "O_O_rho": 0.18394311910236616}