{"dq_O": 3.995989445780908, "q_scaling": 0.47715705500281425, "O-O spring": 33.227062468203385, "Li_O_a": 10794.478007316136, "Li_O_rho": 0.06771847822848365, "Ni_O_a": 49830.02379677739, "Ni_O_rho": 0.14561439726031405, "O_O_a": 12916.747495659838, "O_O_rho": 0.24175216740109273}