{"dq_O": 2.5001957300010296, "q_scaling": 0.5647118840522181, "O-O spring": 31.476757934082336, "Li_O_a": 9432.269839533583, "Li_O_rho": 0.1950866084223024, "Ni_O_a": 18488.05415330676, "Ni_O_rho": 0.2413009268902618, "O_O_a": 22657.921502180187, "O_O_rho": 0.2664056154604527}