{"dq_O": 3.087469320543529, "q_scaling": 0.5611112659570467, "O-O spring": 10.48655947787553, "Li_O_a": 48806.793810833646, "Li_O_rho": 0.15260753388129494, "Ni_O_a": 21415.66433800783, "Ni_O_rho": 0.1716945832362355, "O_O_a": 38618.671437681776, "O_O_rho": 0.18655774261007968}