{"dq_O": 3.2537123962419816, "q_scaling": 0.5844214313869543, "O-O spring": 12.42329733460818, "Li_O_a": 35020.16399683548, "Li_O_rho": 0.15725050406266922, "Ni_O_a": 7587.507510436793, "Ni_O_rho": 0.19531866474435705, "O_O_a": 19588.433207245456, "O_O_rho": 0.18559972130985442}