{"dq_O": 3.1478621052497733, "q_scaling": 0.5734164123509825, "O-O spring": 10.176666400229564, "Li_O_a": 48175.32897198577, "Li_O_rho": 0.15340374545305246, "Ni_O_a": 15848.51721662352, "Ni_O_rho": 0.17835878752605805, "O_O_a": 38152.63550484733, "O_O_rho": 0.18017074986581721}