{"dq_O": 3.189974796081743, "q_scaling": 0.5695518875880133, "O-O spring": 11.867108866256714, "Li_O_a": 13664.939631582396, "Li_O_rho": 0.17212581157253465, "Ni_O_a": 19534.048836063062, "Ni_O_rho": 0.1736503614490057, "O_O_a": 40649.98154826155, "O_O_rho": 0.18557942794613702}