{"q_scaling": 0.3200638328485756, "Li_O_a": 50000.0, "Li_O_rho": 0.13816567860868575, "Ni_O_a": 50000.0, "Ni_O_rho": 0.13680140019586015, "O_O_a": 50000.0, "O_O_rho": 0.19912576436998736}