{"dq_O": 3.837874122029233, "q_scaling": 0.3483816412880386, "O-O spring": 60.89561713817905, "Li_O_a": 31077.59438121232, "Li_O_rho": 0.0359907295400117, "Ni_O_a": 38998.43599437737, "Ni_O_rho": 0.1517182835811709, "O_O_a": 44507.75664608858, "O_O_rho": 0.08669462289986152}