{"dq_O": 3.296869487166555, "q_scaling": 0.607139779555119, "O-O spring": 15.630743330430121, "Li_O_a": 41904.93729457054, "Li_O_rho": 0.15342753098984147, "Ni_O_a": 6736.010729030393, "Ni_O_rho": 0.2000318583207114, "O_O_a": 22109.43180106903, "O_O_rho": 0.18555719822400768}