{"dq_O": 0.01, "q_scaling": 0.7338594191603556, "O-O spring": 53.332955752864585, "Li_O_a": 565.2440157745551, "Li_O_rho": 0.38168557563576166, "Ni_O_a": 2571.651042103459, "Ni_O_rho": 0.06071070570136071, "O_O_a": 150.0, "O_O_rho": 0.01}