{"dq_O": 3.340830968086328, "q_scaling": 0.6269275774295371, "O-O spring": 14.44377478514339, "Li_O_a": 31225.11318119299, "Li_O_rho": 0.1588887133387063, "Ni_O_a": 4316.753114102776, "Ni_O_rho": 0.21388858816708645, "O_O_a": 421.7319196586759, "O_O_rho": 0.07271256435526108}