{"dq_O": 3.118462481393666, "q_scaling": 0.5866535334408621, "O-O spring": 10.454356366128081, "Li_O_a": 14419.35695164986, "Li_O_rho": 0.1723805220691631, "Ni_O_a": 8369.702301780744, "Ni_O_rho": 0.19350430104856864, "O_O_a": 22749.55599539467, "O_O_rho": 0.18500922421598892}