{"dq_O": 3.200092154830764, "q_scaling": 0.5649687339840581, "O-O spring": 12.895620172775267, "Li_O_a": 44291.73813270092, "Li_O_rho": 0.1524390242658279, "Ni_O_a": 15883.303118403379, "Ni_O_rho": 0.1779131252416596, "O_O_a": 47991.9885041403, "O_O_rho": 0.18038107418783672}