{"dq_O": 3.7887593816921052, "q_scaling": 0.348311863004408, "O-O spring": 40.54950797052917, "Li_O_a": 45789.14804461303, "Li_O_rho": 0.14790997764266894, "Ni_O_a": 23617.47762688109, "Ni_O_rho": 0.1535889912065087, "O_O_a": 7748.409599061706, "O_O_rho": 0.2373696330354622}