{"dq_O": 3.090193223287689, "q_scaling": 0.5616790699956489, "O-O spring": 11.993429154226106, "Li_O_a": 48447.94976797847, "Li_O_rho": 0.15159625390941467, "Ni_O_a": 24844.58166614826, "Ni_O_rho": 0.16944326515317815, "O_O_a": 11379.17606911773, "O_O_rho": 0.2099960574434971}