{"dq_O": 2.7968068562176276, "O-O spring": 10.007012706805085, "Li_O_a": 495.00634010152135, "Li_O_rho": 0.2739152602414652, "Ni_O_a": 751.7264967849369, "Ni_O_rho": 0.3420925989716349, "O_O_a": 5613.999454083798, "O_O_rho": 0.02537578115667155}