{"dq_O": 3.00282202627706, "q_scaling": 0.5705899551952158, "O-O spring": 10.821149178715757, "Li_O_a": 37296.6214363469, "Li_O_rho": 0.1560292892530626, "Ni_O_a": 14517.702848513223, "Ni_O_rho": 0.18050178138944417, "O_O_a": 44259.35950723014, "O_O_rho": 0.18587395958204084}