{"dq_O": 3.036555478556532, "q_scaling": 0.5529467925515178, "O-O spring": 11.471647732745325, "Li_O_a": 44619.88082498815, "Li_O_rho": 0.1530716015161644, "Ni_O_a": 34403.75192592611, "Ni_O_rho": 0.1632601934579913, "O_O_a": 11842.698680258885, "O_O_rho": 0.2133117849939482}