{"q_scaling": 0.3155976037805267, "Li_O_a": 21623.949384879597, "Li_O_rho": 0.14704385046104923, "Ni_O_a": 49812.1199637004, "Ni_O_rho": 0.13708875669526133, "O_O_a": 49736.39233918823, "O_O_rho": 0.1988466626682564}