{"dq_O": 3.1983126421400767, "q_scaling": 0.4440368901462764, "O-O spring": 20.466384346680854, "Li_O_a": 45360.43035412581, "Li_O_rho": 0.1451153753459034, "Ni_O_a": 47148.96561415458, "Ni_O_rho": 0.15022537609947406, "O_O_a": 32346.860291399695, "O_O_rho": 0.2084573636634972}