{"dq_O": 2.819020800722714, "q_scaling": 0.5627822218461556, "O-O spring": 10.268720298355277, "Li_O_a": 38923.43292217665, "Li_O_rho": 0.15556754289680785, "Ni_O_a": 18314.024359651336, "Ni_O_rho": 0.17580922563758872, "O_O_a": 37458.42419650821, "O_O_rho": 0.19572098467721372}