{"dq_O": 3.1816426067311987, "q_scaling": 0.5707211222615978, "O-O spring": 11.642989393696709, "Li_O_a": 23541.75171249582, "Li_O_rho": 0.16322182427494636, "Ni_O_a": 22261.262204448696, "Ni_O_rho": 0.1710551548302186, "O_O_a": 21579.00648294319, "O_O_rho": 0.19796045615936236}