{"dq_O": 2.9916704349077143, "q_scaling": 0.49063982259319866, "O-O spring": 12.785779408900751, "Li_O_a": 49821.81386250364, "Li_O_rho": 0.14610990802795304, "Ni_O_a": 17493.073160212003, "Ni_O_rho": 0.1692657216094977, "O_O_a": 3499.852508946431, "O_O_rho": 0.25050390020541236}