{"Li_O_a": 103.24948115901498, "Li_O_rho": 0.542180576167556, "Ni_O_a": 8959.701099613358, "Ni_O_rho": 0.20650423245243682, "O_O_a": 31198.634452983322, "O_O_rho": 0.0766983919892274}