{"dq_O": 3.280074655498658, "q_scaling": 0.5746310204566126, "O-O spring": 13.479059743256855, "Li_O_a": 18931.980007387145, "Li_O_rho": 0.1656465450869628, "Ni_O_a": 21034.854633562903, "Ni_O_rho": 0.17214234879499957, "O_O_a": 32859.69938650703, "O_O_rho": 0.1894930916806264}