{"dq_O": 1.7585942303625337, "q_scaling": 0.4999577880425282, "O-O spring": 10.001330540237788, "Li_O_a": 49782.28583698535, "Li_O_rho": 0.15807913159974607, "Ni_O_a": 8665.360289081498, "Ni_O_rho": 0.17928029943855467, "O_O_a": 15236.076502556773, "O_O_rho": 0.2192632620187604}