{"dq_O": 2.967120193425363, "q_scaling": 0.4524031172994546, "O-O spring": 16.393490864807504, "Li_O_a": 13078.216246237675, "Li_O_rho": 0.16153319878334732, "Ni_O_a": 33944.62689857061, "Ni_O_rho": 0.15430817763702936, "O_O_a": 10072.638562960079, "O_O_rho": 0.23367048714048044}